{
  "tags": [
    {
      "ID": 7,
      "pose": {
        "translation": {
          "x": -0.03810000000000002,
          "y": 5.547867999999999,
          "z": 1.4511020000000001
        },
        "rotation": {
          "quaternion": {
            "W": 1.0,
            "X": 6.101560166505989e-18,
            "Y": 3.131346892301486e-19,
            "Z": 0.0
          }
        }
      }
    },
    {
      "ID": 8,
      "pose": {
        "translation": {
          "x": -0.024599882332599243,
          "y": 5.559205603162859,
          "z": 1.4513828878846349
        },
        "rotation": {
          "quaternion": {
            "W": 0.9873914466323515,
            "X": -0.1165752691593353,
            "Y": -0.07891200904989085,
            "Z": -0.07239635740429702
          }
        }
      }
    }
  ],
  "field": {
    "length": 16.541,
    "width": 8.211
  }
}