{
  "tags": [
    {
      "ID": 6,
      "pose": {
        "translation": {
          "x": 0.9949268700221651,
          "y": 4.48038921374804,
          "z": 2.172094295218947
        },
        "rotation": {
          "quaternion": {
            "W": 0.8356765307582328,
            "X": -0.47191657400178083,
            "Y": 0.26198807253414547,
            "Z": -0.10149745303281953
          }
        }
      }
    },
    {
      "ID": 7,
      "pose": {
        "translation": {
          "x": -0.03810000000000008,
          "y": 5.547867999999999,
          "z": 1.4511020000000001
        },
        "rotation": {
          "quaternion": {
            "W": 0.9999999999999999,
            "X": -5.898281906275605e-18,
            "Y": 7.355606297556771e-18,
            "Z": 0.0
          }
        }
      }
    },
    {
      "ID": 8,
      "pose": {
        "translation": {
          "x": -0.03810000000000019,
          "y": 5.547867999999999,
          "z": 1.4511020000000001
        },
        "rotation": {
          "quaternion": {
            "W": 0.9683635071757178,
            "X": -0.18857751349891233,
            "Y": -0.027607995427259398,
            "Z": -0.16108518852271692
          }
        }
      }
    }
  ],
  "field": {
    "length": 16.541,
    "width": 8.211
  }
}