{
  "tags": [
    {
      "ID": 6,
      "pose": {
        "translation": {
          "x": 0.00018428152251487306,
          "y": 5.380488670093662,
          "z": 1.2483676324279003
        },
        "rotation": {
          "quaternion": {
            "W": 0.7565814711546874,
            "X": -0.5121608654796849,
            "Y": 0.12437743534426796,
            "Z": 0.38704777347724334
          }
        }
      }
    },
    {
      "ID": 7,
      "pose": {
        "translation": {
          "x": -0.03810000000000008,
          "y": 5.547867999999999,
          "z": 1.4511020000000001
        },
        "rotation": {
          "quaternion": {
            "W": 1.0,
            "X": -3.1210341335410543e-18,
            "Y": 4.325249877130652e-18,
            "Z": 0.0
          }
        }
      }
    },
    {
      "ID": 8,
      "pose": {
        "translation": {
          "x": -0.047127301111133835,
          "y": 5.549343606234298,
          "z": 1.446903355907756
        },
        "rotation": {
          "quaternion": {
            "W": 0.993765980876249,
            "X": 0.058414796869035106,
            "Y": -0.0023368268307260498,
            "Z": -0.09492853101243878
          }
        }
      }
    }
  ],
  "field": {
    "length": 16.541,
    "width": 8.211
  }
}